{"Mean":{"confidence_interval":{"confidence_level":0.95,"lower_bound":-0.40293990643851746,"upper_bound":-0.391229085861263},"point_estimate":-0.39712485521900687,"standard_error":0.002977279362878627},"Median":{"confidence_interval":{"confidence_level":0.95,"lower_bound":-0.39831639647346195,"upper_bound":-0.39107755426847957},"point_estimate":-0.39391012668306435,"standard_error":0.0018825675650857888}}