{"Mean":{"confidence_interval":{"confidence_level":0.95,"lower_bound":10176493.01709883,"upper_bound":10191037.296645427},"point_estimate":10183280.946876269,"standard_error":3715.477994712294},"Median":{"confidence_interval":{"confidence_level":0.95,"lower_bound":10171491.666666666,"upper_bound":10180424.390243903},"point_estimate":10176541.411806542,"standard_error":2406.268666550429},"MedianAbsDev":{"confidence_interval":{"confidence_level":0.95,"lower_bound":16719.58952244457,"upper_bound":29160.489431664897},"point_estimate":21925.602501142814,"standard_error":2951.944276726284},"Slope":{"confidence_interval":{"confidence_level":0.95,"lower_bound":10178039.20560833,"upper_bound":10197139.192336097},"point_estimate":10186123.840401951,"standard_error":4962.25113326034},"StdDev":{"confidence_interval":{"confidence_level":0.95,"lower_bound":23611.937062634126,"upper_bound":49350.709365234274},"point_estimate":37358.89244366775,"standard_error":6545.0975002634705}}