{"Mean":{"confidence_interval":{"confidence_level":0.95,"lower_bound":6481.576255253355,"upper_bound":6803.635941371964},"point_estimate":6635.521749857522,"standard_error":82.00404310005652},"Median":{"confidence_interval":{"confidence_level":0.95,"lower_bound":6283.556196056196,"upper_bound":6381.992267824919},"point_estimate":6331.641378894403,"standard_error":26.1926836552479},"MedianAbsDev":{"confidence_interval":{"confidence_level":0.95,"lower_bound":190.41180899235977,"upper_bound":377.67746158928054},"point_estimate":268.66774024921466,"standard_error":47.12862196483745},"Slope":{"confidence_interval":{"confidence_level":0.95,"lower_bound":6576.912117294039,"upper_bound":6954.854527852034},"point_estimate":6753.651129349445,"standard_error":96.68446275537741},"StdDev":{"confidence_interval":{"confidence_level":0.95,"lower_bound":647.0761699612572,"upper_bound":972.5694909927925},"point_estimate":826.8160766629782,"standard_error":83.070380844542}}