{"Mean":{"confidence_interval":{"confidence_level":0.95,"lower_bound":-0.5717686622935803,"upper_bound":-0.570623863643535},"point_estimate":-0.5712288428035164,"standard_error":0.0002896951978053874},"Median":{"confidence_interval":{"confidence_level":0.95,"lower_bound":-0.5721839252162844,"upper_bound":-0.5713613911113609},"point_estimate":-0.5717226363778729,"standard_error":0.0002194548953235697}}