{"Mean":{"confidence_interval":{"confidence_level":0.95,"lower_bound":-0.7152030920441853,"upper_bound":-0.710451159893369},"point_estimate":-0.7128327952366053,"standard_error":0.0012169185568773658},"Median":{"confidence_interval":{"confidence_level":0.95,"lower_bound":-0.7164212054538256,"upper_bound":-0.7120847673574389},"point_estimate":-0.7142457815856167,"standard_error":0.0010744677145045735}}