{"Mean":{"confidence_interval":{"confidence_level":0.95,"lower_bound":98574.75762843223,"upper_bound":100011.39494295599},"point_estimate":99250.34967616799,"standard_error":367.6375111152511},"Median":{"confidence_interval":{"confidence_level":0.95,"lower_bound":97847.03703703704,"upper_bound":98368.73015873016},"point_estimate":98058.27777777778,"standard_error":145.83205247875162},"MedianAbsDev":{"confidence_interval":{"confidence_level":0.95,"lower_bound":981.2431199556124,"upper_bound":1881.6636586392458},"point_estimate":1314.1904889491586,"standard_error":223.209022859643},"Slope":{"confidence_interval":{"confidence_level":0.95,"lower_bound":98649.8282485813,"upper_bound":100243.0137360816},"point_estimate":99386.40017733116,"standard_error":406.74573234008153},"StdDev":{"confidence_interval":{"confidence_level":0.95,"lower_bound":2571.1203934067858,"upper_bound":4666.379660189025},"point_estimate":3701.3468489704555,"standard_error":534.29140975619}}