{"Mean":{"confidence_interval":{"confidence_level":0.95,"lower_bound":196577.35136904745,"upper_bound":197064.20170688725},"point_estimate":196803.34311223633,"standard_error":124.57308634181493},"Median":{"confidence_interval":{"confidence_level":0.95,"lower_bound":196368.265993266,"upper_bound":196732.5894308943},"point_estimate":196573.6869412516,"standard_error":98.13317872614753},"MedianAbsDev":{"confidence_interval":{"confidence_level":0.95,"lower_bound":691.5228009179805,"upper_bound":1096.0960213041478},"point_estimate":900.1457263437948,"standard_error":99.77764566299155},"Slope":{"confidence_interval":{"confidence_level":0.95,"lower_bound":196747.6488234997,"upper_bound":197064.42773124477},"point_estimate":196902.56622826462,"standard_error":81.06940459279673},"StdDev":{"confidence_interval":{"confidence_level":0.95,"lower_bound":819.7438188177733,"upper_bound":1736.2878225306433},"point_estimate":1250.9586334905084,"standard_error":262.86454612172486}}