{"Mean":{"confidence_interval":{"confidence_level":0.95,"lower_bound":1410171.488474166,"upper_bound":1429614.9464595567},"point_estimate":1419357.5620845065,"standard_error":4973.243360159333},"Median":{"confidence_interval":{"confidence_level":0.95,"lower_bound":1398324.705882353,"upper_bound":1413242.4502402197},"point_estimate":1403245.9990958408,"standard_error":3829.9909266614786},"MedianAbsDev":{"confidence_interval":{"confidence_level":0.95,"lower_bound":17484.85184867274,"upper_bound":32929.13231217221},"point_estimate":22325.168772233577,"standard_error":3523.2720754888146},"Slope":{"confidence_interval":{"confidence_level":0.95,"lower_bound":1408301.041438611,"upper_bound":1428346.5211457226},"point_estimate":1417553.463573223,"standard_error":5135.407081549153},"StdDev":{"confidence_interval":{"confidence_level":0.95,"lower_bound":35891.29373881903,"upper_bound":62268.463348779245},"point_estimate":49961.15675379187,"standard_error":6745.490268866192}}