{"Mean":{"confidence_interval":{"confidence_level":0.95,"lower_bound":141056.80621287666,"upper_bound":144407.6057950612},"point_estimate":142352.9713763717,"standard_error":895.8711523756801},"Median":{"confidence_interval":{"confidence_level":0.95,"lower_bound":140753.72023809524,"upper_bound":141062.5754527163},"point_estimate":140876.71208572848,"standard_error":84.10236482675673},"MedianAbsDev":{"confidence_interval":{"confidence_level":0.95,"lower_bound":355.72197578182966,"upper_bound":628.2773598135868},"point_estimate":442.00642072424625,"standard_error":71.35416847208012},"Slope":{"confidence_interval":{"confidence_level":0.95,"lower_bound":140920.90067062812,"upper_bound":141524.79808689913},"point_estimate":141178.74094872174,"standard_error":156.0561188935302},"StdDev":{"confidence_interval":{"confidence_level":0.95,"lower_bound":807.9218232475137,"upper_bound":14885.564939396276},"point_estimate":9009.285402326557,"standard_error":4095.619958218529}}