{"Mean":{"confidence_interval":{"confidence_level":0.95,"lower_bound":4919678.61209147,"upper_bound":4968249.3957584025},"point_estimate":4942617.187968785,"standard_error":12373.014729614484},"Median":{"confidence_interval":{"confidence_level":0.95,"lower_bound":4891958.490566038,"upper_bound":4940322.857142857},"point_estimate":4910674.659090909,"standard_error":13243.679616430694},"MedianAbsDev":{"confidence_interval":{"confidence_level":0.95,"lower_bound":69556.8837651185,"upper_bound":114193.82298374055},"point_estimate":87096.13509213313,"standard_error":11828.293992348094},"Slope":{"confidence_interval":{"confidence_level":0.95,"lower_bound":4916981.601897555,"upper_bound":4961546.54460042},"point_estimate":4938585.197872026,"standard_error":11370.45119503364},"StdDev":{"confidence_interval":{"confidence_level":0.95,"lower_bound":89850.126975308,"upper_bound":158993.8469356876},"point_estimate":124270.80660599675,"standard_error":17956.35347654838}}