{"Mean":{"confidence_interval":{"confidence_level":0.95,"lower_bound":59465.66842853442,"upper_bound":60243.56593090332},"point_estimate":59835.56893058397,"standard_error":198.57334678612528},"Median":{"confidence_interval":{"confidence_level":0.95,"lower_bound":59071.526908635795,"upper_bound":59667.68249468462},"point_estimate":59432.129156010225,"standard_error":161.8242732087748},"MedianAbsDev":{"confidence_interval":{"confidence_level":0.95,"lower_bound":794.782924191834,"upper_bound":1525.2046912064277},"point_estimate":1181.5272575902998,"standard_error":190.58693331184787},"Slope":{"confidence_interval":{"confidence_level":0.95,"lower_bound":59552.10077146543,"upper_bound":60571.53076812759},"point_estimate":60020.58561009745,"standard_error":259.80749349925026},"StdDev":{"confidence_interval":{"confidence_level":0.95,"lower_bound":1446.327426681136,"upper_bound":2490.877249950989},"point_estimate":1999.1359586106885,"standard_error":267.21502584340044}}