{"Mean":{"confidence_interval":{"confidence_level":0.95,"lower_bound":37137433.19612938,"upper_bound":37148597.93329183},"point_estimate":37142480.89313462,"standard_error":2854.6336076037232},"Median":{"confidence_interval":{"confidence_level":0.95,"lower_bound":37133190.32258064,"upper_bound":37139386.52988403},"point_estimate":37136412.60964912,"standard_error":1369.5127994430368},"MedianAbsDev":{"confidence_interval":{"confidence_level":0.95,"lower_bound":10375.474448153722,"upper_bound":17246.661140261942},"point_estimate":13493.42476044356,"standard_error":1750.1122902267396},"Slope":{"confidence_interval":{"confidence_level":0.95,"lower_bound":37136203.599857874,"upper_bound":37150433.1344959},"point_estimate":37142588.39249298,"standard_error":3662.0555079215933},"StdDev":{"confidence_interval":{"confidence_level":0.95,"lower_bound":16516.454788386854,"upper_bound":41290.80013699807},"point_estimate":28646.893547690768,"standard_error":6958.468881763369}}