{"Mean":{"confidence_interval":{"confidence_level":0.95,"lower_bound":36149.29184874825,"upper_bound":37519.40425758471},"point_estimate":36750.421260687945,"standard_error":351.44474234350963},"Median":{"confidence_interval":{"confidence_level":0.95,"lower_bound":35618.54457647141,"upper_bound":36167.12962962963},"point_estimate":35901.9863212195,"standard_error":157.63468167388143},"MedianAbsDev":{"confidence_interval":{"confidence_level":0.95,"lower_bound":990.8499689637569,"upper_bound":2178.3098868122784},"point_estimate":1512.1288436116536,"standard_error":317.3587251304208},"Slope":{"confidence_interval":{"confidence_level":0.95,"lower_bound":35946.12515638372,"upper_bound":36841.294524867844},"point_estimate":36372.46894241663,"standard_error":228.82390600688046},"StdDev":{"confidence_interval":{"confidence_level":0.95,"lower_bound":1820.8233151210145,"upper_bound":5338.431274117538},"point_estimate":3543.4539039706488,"standard_error":1051.5905428827227}}