{"Mean":{"confidence_interval":{"confidence_level":0.95,"lower_bound":-0.7260183073640316,"upper_bound":-0.7255950658128357},"point_estimate":-0.7258319664705397,"standard_error":0.00010532688574835095},"Median":{"confidence_interval":{"confidence_level":0.95,"lower_bound":-0.7261000373682749,"upper_bound":-0.7258498614576528},"point_estimate":-0.72596864649327,"standard_error":0.00006476119874598768}}