{"Mean":{"confidence_interval":{"confidence_level":0.95,"lower_bound":458769.99540894007,"upper_bound":459229.629009073},"point_estimate":458993.89408334566,"standard_error":116.67898860184994},"Median":{"confidence_interval":{"confidence_level":0.95,"lower_bound":458847.5177304965,"upper_bound":459108.64197530865},"point_estimate":458986.8707482993,"standard_error":65.7969231952601},"MedianAbsDev":{"confidence_interval":{"confidence_level":0.95,"lower_bound":533.2219504563553,"upper_bound":1020.8152737369013},"point_estimate":701.3379530660087,"standard_error":118.90811875185531},"Slope":{"confidence_interval":{"confidence_level":0.95,"lower_bound":458826.74614354456,"upper_bound":459216.9521142331},"point_estimate":459019.1923550564,"standard_error":99.20733917816676},"StdDev":{"confidence_interval":{"confidence_level":0.95,"lower_bound":923.3879977205111,"upper_bound":1393.7167525657123},"point_estimate":1173.0727973110256,"standard_error":120.25737217638411}}