{"Mean":{"confidence_interval":{"confidence_level":0.95,"lower_bound":0.21979198160509383,"upper_bound":0.22152379411098624},"point_estimate":0.22054051872234187,"standard_error":0.0004472069274175865},"Median":{"confidence_interval":{"confidence_level":0.95,"lower_bound":0.219133341342675,"upper_bound":0.21943499516983875},"point_estimate":0.21933332066953165,"standard_error":0.00008421675205050323},"MedianAbsDev":{"confidence_interval":{"confidence_level":0.95,"lower_bound":0.00035508757474883823,"upper_bound":0.000764567056163173},"point_estimate":0.0006032786290518872,"standard_error":0.0001123215783583321},"Slope":{"confidence_interval":{"confidence_level":0.95,"lower_bound":0.21901676024717756,"upper_bound":0.2191445054173881},"point_estimate":0.21907618964600958,"standard_error":0.00003264093032274037},"StdDev":{"confidence_interval":{"confidence_level":0.95,"lower_bound":0.0017066530601573479,"upper_bound":0.006909616242205015},"point_estimate":0.004505664490010173,"standard_error":0.0014246402592808778}}